1,1,Raul,Graham,24,raul.graham@example.com,kiwi,40753209902,12,Bob,Wells,63,bob.wells@example.com,Coming123,40753765765
2,1,Raul,Graham,24,raul.graham@example.com,kiwi,40753209902,5,Martin,Flores,54,martin.flores@example.com,chandler,40753815105
3,1,Raul,Graham,24,raul.graham@example.com,kiwi,40753209902,8,Terri,Rhodes,35,terri.rhodes@example.com,chinese,40753650209
4,1,Raul,Graham,24,raul.graham@example.com,kiwi,40753209902,6,Ella,Fowler,33,ella.fowler@example.com,woofer,40753487886
5,2,Dylan,Harris,42,dylan.harris@example.com,snoopy1,40753809608,5,Martin,Flores,54,martin.flores@example.com,chandler,40753815105
6,2,Dylan,Harris,42,dylan.harris@example.com,snoopy1,40753809608,16,Tudor,Suiu,19,tudor.suiu@example.com,parola123,40753912113
7,2,Dylan,Harris,42,dylan.harris@example.com,snoopy1,40753809608,3,Miriam,Olson,50,miriam.olson@example.com,printing,40753396529
8,2,Dylan,Harris,42,dylan.harris@example.com,snoopy1,40753809608,11,Ross,Riley,32,ross.riley@example.com,operations,40753070755
9,3,Miriam,Olson,50,miriam.olson@example.com,printing,40753396529,1,Raul,Graham,24,raul.graham@example.com,kiwi,40753209902
10,3,Miriam,Olson,50,miriam.olson@example.com,printing,40753396529,13,Luke,Gilbert,20,luke.gilbert@example.com,adrian43,40753176438
11,4,Todd,Ortiz,26,todd.ortiz@example.com,oregon,40753945220,13,Luke,Gilbert,20,luke.gilbert@example.com,adrian43,40753176438
12,4,Todd,Ortiz,26,todd.ortiz@example.com,oregon,40753945220,6,Ella,Fowler,33,ella.fowler@example.com,woofer,40753487886
13,4,Todd,Ortiz,26,todd.ortiz@example.com,oregon,40753945220,10,Dave,Kuhn,29,dave.kuhn@example.com,bullseye,40753890376
14,4,Todd,Ortiz,26,todd.ortiz@example.com,oregon,40753945220,5,Martin,Flores,54,martin.flores@example.com,chandler,40753815105
15,5,Martin,Flores,54,martin.flores@example.com,chandler,40753815105,10,Dave,Kuhn,29,dave.kuhn@example.com,bullseye,40753890376
16,5,Martin,Flores,54,martin.flores@example.com,chandler,40753815105,13,Luke,Gilbert,20,luke.gilbert@example.com,adrian43,40753176438
17,5,Martin,Flores,54,martin.flores@example.com,chandler,40753815105,14,Tim,Diaz,27,tim.diaz@example.com,1214,40753042360
18,5,Martin,Flores,54,martin.flores@example.com,chandler,40753815105,3,Miriam,Olson,50,miriam.olson@example.com,printing,40753396529
19,6,Ella,Fowler,33,ella.fowler@example.com,woofer,40753487886,12,Bob,Wells,63,bob.wells@example.com,Coming123,40753765765
20,6,Ella,Fowler,33,ella.fowler@example.com,woofer,40753487886,3,Miriam,Olson,50,miriam.olson@example.com,printing,40753396529
21,7,Amber,Lane,23,amber.lane@example.com,fidelio,40753524146,6,Ella,Fowler,33,ella.fowler@example.com,woofer,40753487886
22,7,Amber,Lane,23,amber.lane@example.com,fidelio,40753524146,2,Dylan,Harris,42,dylan.harris@example.com,snoopy1,40753809608
23,7,Amber,Lane,23,amber.lane@example.com,fidelio,40753524146,15,Francis,Perez,60,francis.perez@example.com,steeler,40753393140
24,7,Amber,Lane,23,amber.lane@example.com,fidelio,40753524146,8,Terri,Rhodes,35,terri.rhodes@example.com,chinese,40753650209
25,7,Amber,Lane,23,amber.lane@example.com,fidelio,40753524146,12,Bob,Wells,63,bob.wells@example.com,Coming123,40753765765
26,8,Terri,Rhodes,35,terri.rhodes@example.com,chinese,40753650209,16,Tudor,Suiu,19,tudor.suiu@example.com,parola123,40753912113
27,8,Terri,Rhodes,35,terri.rhodes@example.com,chinese,40753650209,3,Miriam,Olson,50,miriam.olson@example.com,printing,40753396529
28,9,Ann,Palmer,51,ann.palmer@example.com,bowwow,40753402085,5,Martin,Flores,54,martin.flores@example.com,chandler,40753815105
29,9,Ann,Palmer,51,ann.palmer@example.com,bowwow,40753402085,16,Tudor,Suiu,19,tudor.suiu@example.com,parola123,40753912113
30,9,Ann,Palmer,51,ann.palmer@example.com,bowwow,40753402085,3,Miriam,Olson,50,miriam.olson@example.com,printing,40753396529
31,9,Ann,Palmer,51,ann.palmer@example.com,bowwow,40753402085,7,Amber,Lane,23,amber.lane@example.com,fidelio,40753524146
32,10,Dave,Kuhn,29,dave.kuhn@example.com,bullseye,40753890376,12,Bob,Wells,63,bob.wells@example.com,Coming123,40753765765
33,10,Dave,Kuhn,29,dave.kuhn@example.com,bullseye,40753890376,13,Luke,Gilbert,20,luke.gilbert@example.com,adrian43,40753176438
34,10,Dave,Kuhn,29,dave.kuhn@example.com,bullseye,40753890376,7,Amber,Lane,23,amber.lane@example.com,fidelio,40753524146
35,11,Ross,Riley,32,ross.riley@example.com,operations,40753070755,4,Todd,Ortiz,26,todd.ortiz@example.com,oregon,40753945220
36,11,Ross,Riley,32,ross.riley@example.com,operations,40753070755,12,Bob,Wells,63,bob.wells@example.com,Coming123,40753765765
37,11,Ross,Riley,32,ross.riley@example.com,operations,40753070755,1,Raul,Graham,24,raul.graham@example.com,kiwi,40753209902
38,11,Ross,Riley,32,ross.riley@example.com,operations,40753070755,13,Luke,Gilbert,20,luke.gilbert@example.com,adrian43,40753176438
39,11,Ross,Riley,32,ross.riley@example.com,operations,40753070755,5,Martin,Flores,54,martin.flores@example.com,chandler,40753815105
40,12,Bob,Wells,63,bob.wells@example.com,Coming123,40753765765,13,Luke,Gilbert,20,luke.gilbert@example.com,adrian43,40753176438
41,13,Luke,Gilbert,20,luke.gilbert@example.com,adrian43,40753176438,2,Dylan,Harris,42,dylan.harris@example.com,snoopy1,40753809608
42,14,Tim,Diaz,27,tim.diaz@example.com,1214,40753042360,12,Bob,Wells,63,bob.wells@example.com,Coming123,40753765765
43,14,Tim,Diaz,27,tim.diaz@example.com,1214,40753042360,7,Amber,Lane,23,amber.lane@example.com,fidelio,40753524146
44,14,Tim,Diaz,27,tim.diaz@example.com,1214,40753042360,8,Terri,Rhodes,35,terri.rhodes@example.com,chinese,40753650209
45,15,Francis,Perez,60,francis.perez@example.com,steeler,40753393140,3,Miriam,Olson,50,miriam.olson@example.com,printing,40753396529
46,15,Francis,Perez,60,francis.perez@example.com,steeler,40753393140,5,Martin,Flores,54,martin.flores@example.com,chandler,40753815105
47,15,Francis,Perez,60,francis.perez@example.com,steeler,40753393140,14,Tim,Diaz,27,tim.diaz@example.com,1214,40753042360
48,15,Francis,Perez,60,francis.perez@example.com,steeler,40753393140,2,Dylan,Harris,42,dylan.harris@example.com,snoopy1,40753809608
49,15,Francis,Perez,60,francis.perez@example.com,steeler,40753393140,12,Bob,Wells,63,bob.wells@example.com,Coming123,40753765765
50,16,Tudor,Suiu,19,tudor.suiu@example.com,parola123,40753912113,13,Luke,Gilbert,20,luke.gilbert@example.com,adrian43,40753176438
51,16,Tudor,Suiu,19,tudor.suiu@example.com,parola123,40753912113,7,Amber,Lane,23,amber.lane@example.com,fidelio,40753524146
52,16,Tudor,Suiu,19,tudor.suiu@example.com,parola123,40753912113,6,Ella,Fowler,33,ella.fowler@example.com,woofer,40753487886